<?xml version="1.0" encoding="UTF-8"?>
<project-private xmlns="http://www.netbeans.org/ns/project-private/1">
    <editor-bookmarks xmlns="http://www.netbeans.org/ns/editor-bookmarks/2" lastBookmarkId="0"/>
    <open-files xmlns="http://www.netbeans.org/ns/projectui-open-files/2">
        <group>
            <file>file:/C:/Users/ferre/Documents/NetBeansProjects/Trabalho-master/src/GUI/UsuarioGUI.java</file>
            <file>file:/C:/Users/ferre/Documents/NetBeansProjects/Trabalho-master/src/dao/ProdutoDAO.java</file>
            <file>file:/C:/Users/ferre/Documents/NetBeansProjects/Trabalho-master/src/factory/TestaConexao.java</file>
            <file>file:/C:/Users/ferre/Documents/NetBeansProjects/Trabalho-master/src/factory/ConnectionFactory.java</file>
            <file>file:/C:/Users/ferre/Documents/NetBeansProjects/Trabalho-master/src/modelo/produto.java</file>
        </group>
    </open-files>
</project-private>
